Designator,Footprint,Quantity,Value,LCSC Part #
C1,0402,1,1uF,
C10,0402,1,20pF,
C11,0402,1,100nF,
C12,0402,1,100nF,
C13,0402,1,100nF,
C14,0402,1,100nF,
C15,0402,1,100nF,
C2,0603,1,4.7uF,
C3,0603,1,1uF,
C4,0603,1,1uF,
C5,0402,1,100nF,
C6,0402,1,100nF,
C7,0603,1,10uF,
C8,0603,1,1uF,
C9,0402,1,20pF,
F1,1206,1,500mA,
J1,Molex_Pico-EZmate_78171-0004_1x04-1MP_P1.20mm_Vertical,1,Molex_Pico-EZmate_78171-0004_1x04-1MP_P1.20mm_Vertical,
J2,JST_PH_S5B-PH-K_1x05_P2.00mm_Horizontal,1,USB,
J3,HRS_DF14_20P,1,KEYBOARD,
J4,JST_SH_SM04B-SRSS-TB_1x04-1MP_P1.00mm_Horizontal,1,JST_SH_SM04B-SRSS-TB_1x04-1MP_P1.00mm_Horizontal,
J5,Molex_Pico-EZmate_78171-0003_1x03-1MP_P1.20mm_Vertical,1,Molex_Pico-EZmate_78171-0003_1x03-1MP_P1.20mm_Vertical,
R1,0402,1,10k,
R2,0402,1,10k,
R3,0402,1,10k,
R4,0402,1,10k,
SW1_2,SW_PUSH_6mm,1,BOOT0,
U1,SOT-23,1,XC6206P332MR,
U2,QFN-48-1EP_7x7mm_P0.5mm_EP5.6x5.6mm,1,STM32F401CBUx,
U3,SOT-23-6,1,USBLC6-2SC6,
U4,SOIC-8_3.9x4.9mm_P1.27mm,1,M24C64-RMN6TP,
Y1,Crystal_SMD_5032-2Pin_5.0x3.2mm,1,8MHz Cl 20pF,
